ID,Married,Gender,Age,Graduate,Profession,Years_of_Working,Spending_Score,Family_Members,Category,Class(Target)
7487,0,0.0,36,1.0,Doctor,13.0,Low,2.0,Cat_6,C
7488,1,0.0,43,0.0,Executive,0.0,High,4.0,Cat_6,C
7489,0,0.0,53,1.0,Engineer,0.0,Average,4.0,Cat_6,B
7490,0,1.0,51,1.0,Lawyer,2.0,Low,1.0,Cat_6,C
7491,1,1.0,25,1.0,Marketing,,Low,5.0,Cat_3,A
7492,1,0.0,43,0.0,Doctor,0.0,Low,2.0,Cat_6,D
7493,1,0.0,36,1.0,Artist,1.0,Low,2.0,Cat_6,A
7494,0,0.0,67,1.0,Artist,0.0,Average,2.0,Cat_3,D
7495,1,0.0,70,0.0,Lawyer,0.0,High,3.0,Cat_1,C
7496,0,0.0,39,1.0,Homemaker,8.0,Low,1.0,Cat_6,B
7497,0,0.0,35,1.0,Homemaker,13.0,High,7.0,Cat_6,A
7498,0,0.0,38,1.0,Artist,1.0,Average,2.0,Cat_4,A
7499,0,0.0,33,1.0,Engineer,8.0,Average,5.0,Cat_4,D
7500,0,1.0,38,1.0,Engineer,1.0,Low,1.0,Cat_4,A
7501,1,0.0,51,1.0,Entertainment,,Low,4.0,Cat_6,D
7502,1,0.0,51,0.0,Artist,3.0,Average,2.0,Cat_6,A
7503,1,0.0,26,1.0,Artist,0.0,Low,2.0,Cat_1,A
7504,1,1.0,48,1.0,Artist,0.0,Low,1.0,Cat_6,D
7505,1,1.0,27,1.0,Healthcare,,Low,1.0,Cat_6,B
7506,0,1.0,51,1.0,Artist,8.0,Low,1.0,Cat_6,A
7507,1,0.0,82,1.0,Lawyer,0.0,High,2.0,Cat_6,B
7508,0,,53,1.0,Entertainment,8.0,Average,4.0,Cat_2,C
7509,1,0.0,41,1.0,Entertainment,9.0,Average,,Cat_2,C
7510,1,1.0,25,0.0,Executive,12.0,Low,3.0,Cat_6,D
7511,0,1.0,25,0.0,Engineer,,Low,3.0,Cat_6,B
7512,1,1.0,39,1.0,Artist,0.0,Low,1.0,Cat_6,D
7513,0,1.0,36,1.0,Engineer,0.0,Low,1.0,Cat_4,D
7514,0,0.0,67,1.0,Artist,0.0,Average,3.0,Cat_4,D
7515,1,0.0,60,1.0,Entertainment,1.0,Average,5.0,Cat_3,C
7516,0,1.0,23,0.0,Healthcare,,Low,3.0,Cat_6,B
7517,0,1.0,28,0.0,Entertainment,10.0,Low,2.0,Cat_6,B
7518,0,0.0,74,1.0,Lawyer,,High,2.0,Cat_6,D
7519,0,1.0,40,1.0,Engineer,9.0,Low,2.0,Cat_4,C
7520,0,0.0,46,1.0,Artist,0.0,Average,2.0,Cat_6,A
7521,1,0.0,46,1.0,Artist,0.0,Average,3.0,Cat_6,C
7522,0,1.0,30,0.0,Doctor,9.0,Low,5.0,Cat_6,B
7523,0,1.0,28,1.0,Homemaker,,Low,1.0,Cat_6,A
7524,1,0.0,52,1.0,Entertainment,,Average,3.0,Cat_6,C
7525,1,0.0,43,1.0,Executive,0.0,High,4.0,Cat_6,C
7526,0,0.0,46,1.0,Artist,,Average,2.0,Cat_3,A
7527,1,1.0,21,0.0,Healthcare,1.0,Low,4.0,Cat_6,B
7528,0,1.0,32,0.0,Artist,,Low,8.0,Cat_6,A
7529,1,0.0,87,1.0,Lawyer,9.0,Low,4.0,Cat_6,A
7530,0,1.0,32,0.0,Healthcare,0.0,Low,4.0,Cat_6,D
7531,1,0.0,35,1.0,Executive,4.0,High,4.0,Cat_6,A
7532,1,0.0,36,0.0,Executive,1.0,High,3.0,Cat_6,C
7533,0,0.0,43,1.0,Artist,1.0,Average,5.0,Cat_6,A
7534,1,0.0,51,0.0,Executive,,Low,9.0,Cat_4,B
7535,1,1.0,22,0.0,Doctor,8.0,Low,3.0,Cat_6,B
7536,1,0.0,35,1.0,Artist,9.0,Average,2.0,Cat_6,B
7537,1,1.0,27,0.0,Healthcare,1.0,Low,3.0,Cat_6,A
7538,1,0.0,47,0.0,,0.0,Low,5.0,Cat_3,A
7539,0,0.0,56,1.0,Artist,0.0,High,5.0,Cat_3,D
7540,1,0.0,63,1.0,Artist,1.0,Low,1.0,Cat_6,A
7541,1,0.0,22,0.0,Doctor,2.0,High,9.0,Cat_4,C
7542,0,1.0,23,0.0,,0.0,Low,2.0,Cat_6,B
7543,0,0.0,51,1.0,Artist,0.0,Low,2.0,Cat_6,B
7544,0,1.0,38,1.0,Doctor,9.0,Low,2.0,Cat_6,C
7545,1,0.0,37,0.0,Engineer,12.0,Average,5.0,Cat_4,C
7546,0,0.0,32,1.0,Homemaker,12.0,High,2.0,Cat_6,B
7547,1,0.0,53,1.0,Doctor,0.0,Low,3.0,Cat_6,D
7548,0,1.0,22,0.0,Healthcare,8.0,Low,6.0,Cat_6,B
7549,1,0.0,32,0.0,,5.0,Average,3.0,Cat_6,C
7550,1,0.0,32,0.0,Artist,7.0,Average,2.0,Cat_6,D
7551,0,0.0,45,1.0,Artist,3.0,Average,2.0,Cat_6,D
7552,1,0.0,55,1.0,Artist,9.0,Low,1.0,Cat_6,C
7553,1,1.0,38,1.0,Artist,1.0,Low,3.0,Cat_4,D
7554,0,0.0,35,1.0,Artist,1.0,Low,2.0,Cat_4,D
7555,0,1.0,19,0.0,Healthcare,6.0,Low,3.0,Cat_4,B
7556,1,0.0,51,1.0,Entertainment,0.0,Average,4.0,Cat_6,A
7557,1,0.0,28,1.0,Homemaker,13.0,Average,2.0,Cat_6,C
7558,1,0.0,89,1.0,Lawyer,4.0,Low,1.0,Cat_6,D
7559,0,0.0,47,1.0,Artist,1.0,High,5.0,,A
7560,1,0.0,47,1.0,Artist,1.0,Average,3.0,Cat_6,A
7561,1,1.0,39,1.0,Artist,0.0,Low,3.0,Cat_6,C
7562,0,0.0,58,1.0,Artist,1.0,Average,4.0,Cat_3,A
7563,0,0.0,65,1.0,Lawyer,0.0,Average,4.0,Cat_6,C
7564,0,1.0,42,1.0,Artist,7.0,Low,2.0,Cat_6,A
7565,1,0.0,27,1.0,Entertainment,9.0,Low,4.0,Cat_6,A
7566,1,0.0,18,0.0,Executive,0.0,High,4.0,Cat_6,D
7567,1,0.0,72,1.0,Artist,0.0,Average,2.0,Cat_6,C
7568,0,1.0,38,1.0,Artist,7.0,Low,7.0,Cat_2,A
7569,0,0.0,45,1.0,Homemaker,0.0,Low,1.0,Cat_3,D
7570,1,1.0,19,0.0,Healthcare,4.0,Low,3.0,Cat_2,B
7571,1,1.0,43,1.0,Artist,12.0,Low,5.0,Cat_6,A
7572,1,1.0,43,1.0,Healthcare,3.0,Low,3.0,Cat_6,B
7573,0,0.0,37,0.0,Doctor,8.0,Low,1.0,Cat_2,D
7574,1,0.0,43,1.0,Entertainment,1.0,Average,3.0,Cat_6,C
7575,1,0.0,43,0.0,Executive,3.0,High,4.0,Cat_6,C
7576,1,0.0,68,1.0,Artist,0.0,Low,1.0,Cat_6,A
7577,0,,23,0.0,Healthcare,0.0,Low,7.0,Cat_6,B
7578,0,0.0,58,1.0,Doctor,1.0,Average,2.0,Cat_6,A
7579,1,0.0,40,1.0,Artist,1.0,Low,2.0,Cat_4,D
7580,1,0.0,88,0.0,Lawyer,,Low,1.0,Cat_2,D
7581,1,0.0,75,0.0,Executive,0.0,Low,1.0,Cat_6,B
7582,1,0.0,40,1.0,Artist,4.0,Low,1.0,Cat_6,D
7583,0,1.0,48,1.0,Artist,1.0,Low,1.0,Cat_3,C
7584,1,0.0,63,1.0,,1.0,Average,2.0,Cat_6,A
7585,0,1.0,56,1.0,Artist,0.0,Low,2.0,Cat_6,A
7586,1,1.0,36,1.0,Artist,5.0,Low,1.0,Cat_6,D
7587,0,1.0,25,1.0,Artist,,Low,1.0,Cat_6,B
7588,0,0.0,57,1.0,Doctor,1.0,Low,2.0,Cat_7,D
7589,1,0.0,82,1.0,Lawyer,1.0,High,2.0,Cat_6,D
7590,1,0.0,75,0.0,Executive,1.0,High,2.0,Cat_6,A
7591,1,1.0,23,0.0,Healthcare,1.0,Low,3.0,Cat_4,B
7592,0,1.0,30,0.0,Marketing,9.0,Low,4.0,Cat_2,B
7593,1,1.0,28,0.0,Executive,9.0,Low,4.0,Cat_6,B
7594,1,1.0,36,0.0,Engineer,0.0,Low,1.0,Cat_6,C
7595,0,0.0,67,1.0,Lawyer,1.0,Low,2.0,Cat_6,B
7596,1,0.0,67,1.0,Artist,0.0,Average,6.0,Cat_1,C
7597,1,0.0,50,0.0,Executive,1.0,Average,5.0,Cat_4,B
7598,1,0.0,41,0.0,Artist,0.0,Average,2.0,Cat_6,A
7599,1,1.0,21,0.0,Healthcare,1.0,Low,4.0,Cat_3,B
7600,1,0.0,42,1.0,Artist,0.0,Average,3.0,Cat_3,A
7601,0,0.0,48,1.0,Doctor,1.0,Average,4.0,Cat_6,A
7602,0,1.0,32,0.0,Marketing,,Low,1.0,Cat_4,B
7603,1,0.0,28,0.0,Artist,1.0,Low,2.0,Cat_6,D
7604,0,0.0,27,1.0,Marketing,8.0,Low,2.0,Cat_6,B
7605,0,0.0,26,0.0,Marketing,1.0,Average,2.0,,B
7606,0,1.0,32,1.0,Healthcare,1.0,Low,1.0,Cat_6,B
7607,0,0.0,49,1.0,Doctor,1.0,Average,4.0,Cat_6,A
7608,1,0.0,40,1.0,Doctor,1.0,Low,5.0,Cat_6,D
7609,0,0.0,40,1.0,Artist,1.0,Average,2.0,Cat_6,A
7610,1,1.0,22,0.0,Healthcare,1.0,Low,4.0,Cat_6,D
7611,1,0.0,55,0.0,Executive,0.0,High,8.0,Cat_4,C
7612,1,1.0,45,0.0,Artist,2.0,Low,1.0,Cat_6,C
7613,1,0.0,80,0.0,Lawyer,0.0,High,2.0,Cat_6,D
7614,1,0.0,52,1.0,Artist,1.0,Average,2.0,Cat_6,A
7615,1,1.0,29,1.0,Healthcare,0.0,Low,4.0,Cat_6,D
7616,0,0.0,37,1.0,Artist,,Average,2.0,Cat_6,A
7617,0,0.0,32,1.0,Homemaker,0.0,Low,3.0,Cat_5,C
7618,1,0.0,31,0.0,Homemaker,9.0,Low,1.0,Cat_4,D
7619,0,1.0,32,1.0,Doctor,7.0,Low,,Cat_2,D
7620,1,0.0,43,1.0,Artist,9.0,Low,2.0,Cat_6,A
7621,0,1.0,31,1.0,Artist,9.0,Low,2.0,Cat_6,C
7622,1,0.0,51,1.0,Artist,1.0,Low,2.0,Cat_7,C
7623,1,0.0,51,1.0,Artist,1.0,Average,6.0,Cat_6,D
7624,1,1.0,20,0.0,Healthcare,7.0,Low,3.0,Cat_6,B
7625,1,0.0,22,0.0,Healthcare,1.0,Average,4.0,Cat_7,B
7626,1,1.0,29,1.0,Executive,0.0,Low,5.0,Cat_6,A
7627,1,0.0,81,1.0,Entertainment,1.0,Low,1.0,Cat_6,C
7628,0,0.0,40,1.0,Artist,1.0,Average,2.0,Cat_6,A
7629,0,1.0,37,1.0,Artist,1.0,Low,1.0,Cat_6,D
7630,0,0.0,40,1.0,Artist,1.0,High,3.0,Cat_6,C
7631,0,1.0,28,1.0,Doctor,0.0,Low,3.0,Cat_3,A
7632,0,1.0,35,1.0,Artist,,Low,1.0,Cat_4,B
7633,0,1.0,31,1.0,Healthcare,,Low,4.0,Cat_6,B
7634,0,0.0,43,1.0,Engineer,9.0,Average,2.0,Cat_6,A
7635,1,1.0,30,0.0,Doctor,1.0,Low,2.0,Cat_4,B
7636,1,0.0,45,1.0,Artist,1.0,Low,1.0,Cat_6,D
7637,1,1.0,32,1.0,Doctor,7.0,Low,4.0,Cat_6,B
7638,1,1.0,23,0.0,Healthcare,9.0,Low,4.0,Cat_6,B
7639,0,0.0,81,1.0,Lawyer,8.0,High,2.0,Cat_6,A
7640,0,1.0,31,1.0,Artist,5.0,Low,1.0,Cat_6,D
7641,0,1.0,20,0.0,Entertainment,1.0,Low,4.0,Cat_6,A
7642,0,0.0,84,0.0,Lawyer,1.0,High,2.0,Cat_6,B
7643,0,1.0,23,0.0,Healthcare,2.0,Low,6.0,Cat_1,B
7644,0,1.0,47,1.0,Marketing,9.0,Low,1.0,Cat_6,B
7645,1,0.0,39,1.0,Artist,,Average,2.0,Cat_4,A
7646,1,1.0,18,0.0,Healthcare,2.0,Low,,Cat_2,B
7647,0,1.0,22,0.0,Healthcare,0.0,Low,2.0,Cat_6,B
7648,1,0.0,42,0.0,Executive,3.0,High,5.0,Cat_6,C
7649,0,0.0,52,1.0,Engineer,0.0,Average,4.0,Cat_6,C
7650,1,0.0,72,1.0,Marketing,0.0,Low,1.0,Cat_6,D
7651,1,0.0,51,1.0,Artist,0.0,Average,4.0,Cat_6,C
7652,1,1.0,30,1.0,Entertainment,8.0,Low,4.0,Cat_6,D
7653,0,0.0,35,1.0,Homemaker,9.0,Average,2.0,Cat_4,C
7654,1,1.0,21,0.0,Healthcare,1.0,Low,5.0,Cat_4,B
7655,0,0.0,32,1.0,Artist,0.0,Average,2.0,Cat_4,A
7656,1,1.0,23,0.0,Healthcare,0.0,Low,4.0,Cat_3,B
7657,1,1.0,20,0.0,Healthcare,0.0,Low,4.0,Cat_6,B
7658,0,0.0,27,1.0,Artist,4.0,Average,2.0,Cat_3,A
7659,0,0.0,38,1.0,Engineer,8.0,Low,3.0,Cat_6,D
7660,1,0.0,48,1.0,Artist,7.0,Average,2.0,Cat_6,A
7661,1,0.0,37,1.0,Engineer,1.0,Average,3.0,Cat_3,D
7662,0,1.0,26,0.0,,,Low,1.0,Cat_7,D
7663,0,0.0,37,1.0,Artist,7.0,Average,2.0,Cat_2,A
7664,1,0.0,51,1.0,Doctor,8.0,Average,3.0,Cat_4,C
7665,1,0.0,87,1.0,Lawyer,3.0,Low,1.0,Cat_6,A
7666,0,0.0,28,1.0,Homemaker,9.0,Average,2.0,Cat_3,C
7667,0,0.0,68,1.0,Engineer,1.0,Low,2.0,Cat_4,C
7668,1,0.0,56,1.0,Artist,1.0,Average,2.0,Cat_6,A
7669,1,1.0,38,1.0,Artist,,Low,1.0,Cat_6,D
7670,0,0.0,56,1.0,Artist,4.0,Average,2.0,Cat_3,A
7671,1,0.0,27,1.0,Executive,,High,2.0,Cat_6,D
7672,0,0.0,46,1.0,Marketing,,Average,3.0,Cat_6,D
7673,1,0.0,62,1.0,Executive,0.0,High,3.0,Cat_6,C
7674,0,1.0,30,1.0,Healthcare,2.0,Low,3.0,Cat_6,C
7675,1,,52,1.0,Artist,1.0,Average,5.0,Cat_4,A
7676,0,0.0,83,1.0,Lawyer,0.0,High,2.0,Cat_6,A
7677,1,1.0,27,0.0,Healthcare,0.0,Low,1.0,Cat_6,B
7678,1,0.0,60,1.0,Artist,1.0,Average,3.0,Cat_6,A
7679,0,0.0,49,1.0,Artist,1.0,Low,2.0,Cat_3,D
7680,1,0.0,55,1.0,Artist,0.0,High,2.0,Cat_3,D
7681,1,0.0,87,0.0,Lawyer,,Low,1.0,Cat_3,C
7682,1,0.0,56,0.0,Executive,0.0,High,4.0,Cat_6,C
7683,1,0.0,66,1.0,Lawyer,0.0,High,3.0,Cat_6,D
7684,0,1.0,32,1.0,Artist,4.0,Low,4.0,Cat_2,D
7685,1,0.0,45,1.0,Executive,5.0,High,3.0,Cat_7,C
7686,1,0.0,53,1.0,Executive,0.0,High,4.0,Cat_6,A
7687,0,0.0,63,1.0,Entertainment,0.0,Average,4.0,Cat_6,C
7688,1,0.0,87,1.0,Lawyer,0.0,High,2.0,Cat_6,D
7689,1,0.0,41,0.0,Executive,6.0,High,3.0,Cat_4,D
7690,1,1.0,36,1.0,Engineer,,Low,2.0,Cat_3,B
7691,0,0.0,46,1.0,Engineer,0.0,Low,4.0,Cat_1,D
7692,1,0.0,56,1.0,Artist,,Average,2.0,Cat_6,A
7693,1,1.0,21,0.0,Healthcare,1.0,Low,4.0,Cat_2,B
7694,1,0.0,69,0.0,Lawyer,1.0,Average,2.0,Cat_6,B
7695,0,,53,0.0,Artist,9.0,Low,2.0,Cat_6,C
7696,1,0.0,50,1.0,Executive,0.0,High,4.0,Cat_6,C
7697,0,0.0,37,1.0,Artist,4.0,Low,4.0,Cat_5,C
7698,0,1.0,23,0.0,Healthcare,0.0,Low,4.0,Cat_2,B
7699,0,1.0,25,1.0,Engineer,2.0,Low,3.0,Cat_6,C
7700,1,0.0,79,1.0,Lawyer,0.0,Low,2.0,Cat_6,D
7701,0,0.0,50,1.0,Doctor,1.0,Low,,Cat_6,C
7702,0,1.0,42,1.0,Artist,0.0,Low,2.0,Cat_6,A
7703,0,1.0,31,1.0,Engineer,1.0,Low,4.0,Cat_4,D
7704,1,1.0,49,0.0,Entertainment,1.0,Low,3.0,Cat_3,B
7705,0,0.0,49,1.0,Engineer,1.0,High,5.0,Cat_3,C
7706,1,1.0,35,1.0,Entertainment,13.0,Low,2.0,Cat_4,A
7707,0,0.0,36,1.0,Artist,2.0,Average,2.0,Cat_6,D
7708,1,1.0,31,0.0,Healthcare,1.0,Low,5.0,Cat_4,B
7709,0,0.0,42,0.0,Artist,1.0,Low,1.0,Cat_6,A
7710,1,0.0,43,0.0,Artist,1.0,Low,2.0,Cat_6,C
7711,0,1.0,31,0.0,,0.0,Low,2.0,Cat_3,D
7712,0,0.0,38,0.0,Artist,2.0,Average,4.0,Cat_3,C
7713,0,1.0,53,1.0,Engineer,1.0,Low,5.0,Cat_6,B
7714,1,1.0,19,0.0,Healthcare,8.0,Low,3.0,Cat_6,B
7715,1,0.0,27,0.0,Entertainment,4.0,Low,4.0,Cat_3,C
7716,1,,20,0.0,Healthcare,1.0,Low,3.0,Cat_2,B
7717,0,1.0,48,1.0,Doctor,0.0,Low,1.0,Cat_6,D
7718,1,0.0,38,1.0,Engineer,6.0,Low,2.0,Cat_3,C
7719,0,0.0,49,1.0,Artist,6.0,Low,2.0,Cat_6,A
7720,1,0.0,50,1.0,,1.0,Average,4.0,Cat_7,D
7721,0,0.0,50,0.0,Engineer,,Average,4.0,Cat_2,C
7722,1,0.0,32,0.0,Entertainment,5.0,Low,2.0,Cat_4,D
7723,1,0.0,32,1.0,Healthcare,5.0,Low,2.0,Cat_6,B
7724,0,1.0,28,1.0,Healthcare,9.0,Low,3.0,Cat_6,B
7725,1,1.0,19,0.0,Healthcare,1.0,Low,4.0,Cat_6,A
7726,1,1.0,23,0.0,Healthcare,4.0,Low,9.0,Cat_2,B
7727,1,0.0,56,1.0,Executive,0.0,High,1.0,Cat_6,C
7728,0,0.0,43,1.0,Artist,,Average,2.0,Cat_6,D
7729,1,0.0,61,1.0,Doctor,3.0,Low,2.0,Cat_6,D
7730,1,1.0,21,0.0,Healthcare,0.0,Low,4.0,Cat_6,B
7731,1,0.0,39,1.0,Executive,4.0,High,3.0,Cat_6,C
7732,0,0.0,37,0.0,Engineer,1.0,Average,6.0,Cat_4,C
7733,0,1.0,18,0.0,Healthcare,1.0,Low,3.0,Cat_6,B
7734,0,0.0,57,1.0,Artist,1.0,Average,6.0,Cat_3,A
7735,0,0.0,49,1.0,Artist,0.0,Average,4.0,Cat_2,A
7736,1,0.0,51,0.0,Executive,5.0,Low,3.0,Cat_2,A
7737,0,1.0,30,0.0,Healthcare,8.0,Low,3.0,Cat_6,D
7738,1,0.0,66,1.0,Executive,3.0,High,2.0,Cat_6,A
7739,0,1.0,30,0.0,Doctor,,Low,3.0,Cat_4,B
7740,0,0.0,38,0.0,Artist,0.0,Low,3.0,Cat_6,A
7741,1,0.0,36,1.0,Executive,1.0,High,4.0,Cat_6,C
7742,1,0.0,72,0.0,Engineer,0.0,High,4.0,Cat_4,C
7743,0,1.0,19,0.0,Healthcare,8.0,Low,5.0,Cat_3,B
7744,1,1.0,47,1.0,Artist,0.0,Low,1.0,Cat_3,C
7745,0,1.0,59,1.0,Artist,0.0,Low,,Cat_3,C
7746,1,0.0,42,0.0,Entertainment,6.0,Low,3.0,Cat_6,C
7747,1,0.0,47,1.0,Entertainment,,Average,4.0,Cat_6,C
7748,0,0.0,37,1.0,Lawyer,1.0,High,2.0,Cat_6,A
7749,1,0.0,26,0.0,Doctor,9.0,Average,2.0,Cat_6,D
7750,0,0.0,83,1.0,Lawyer,1.0,Low,1.0,Cat_6,C
7751,0,0.0,35,1.0,Artist,0.0,Average,3.0,Cat_6,A
7752,0,1.0,39,0.0,Engineer,4.0,Low,3.0,Cat_3,B
7753,1,1.0,25,1.0,Healthcare,,Low,3.0,Cat_6,B
7754,1,1.0,26,1.0,Artist,,Low,1.0,,C
7755,1,1.0,19,0.0,Healthcare,3.0,Low,5.0,Cat_2,D
7756,0,0.0,37,1.0,Artist,13.0,Low,2.0,Cat_6,D
7757,1,0.0,72,1.0,Artist,1.0,Average,4.0,Cat_6,D
7758,1,0.0,62,0.0,Executive,0.0,High,4.0,Cat_6,C
7759,0,0.0,37,1.0,Artist,,High,2.0,Cat_6,D
7760,0,1.0,67,0.0,Artist,1.0,Low,2.0,Cat_6,D
7761,1,0.0,40,1.0,Artist,3.0,Average,4.0,Cat_3,A
7762,1,,22,0.0,Healthcare,1.0,High,,Cat_3,B
7763,1,0.0,68,0.0,Lawyer,,High,,Cat_6,B
7764,0,0.0,42,0.0,Engineer,0.0,High,6.0,Cat_4,C
7765,0,0.0,42,1.0,Engineer,2.0,Low,1.0,Cat_6,C
7766,1,0.0,85,1.0,Artist,1.0,High,4.0,Cat_6,D
7767,0,1.0,35,0.0,Entertainment,4.0,Low,2.0,Cat_6,B
7768,0,1.0,50,1.0,Executive,1.0,Low,1.0,Cat_6,D
7769,0,0.0,35,1.0,Homemaker,,Low,,Cat_3,B
7770,0,1.0,30,0.0,Engineer,0.0,Low,3.0,Cat_6,C
7771,1,0.0,56,0.0,Executive,8.0,High,3.0,Cat_6,D
7772,0,0.0,49,0.0,Artist,1.0,Average,4.0,Cat_3,A
7773,0,1.0,20,0.0,Healthcare,1.0,Low,5.0,Cat_6,B
7774,1,0.0,59,0.0,Engineer,,Average,4.0,Cat_6,C
7775,0,1.0,49,1.0,Marketing,0.0,Low,5.0,Cat_6,D
7776,0,0.0,58,1.0,Artist,0.0,Low,3.0,Cat_3,A
7777,0,1.0,28,1.0,Entertainment,0.0,Low,2.0,Cat_6,B
7778,1,0.0,52,1.0,Artist,6.0,Average,2.0,Cat_6,C
7779,0,1.0,35,0.0,Doctor,14.0,Low,6.0,Cat_7,D
7780,1,0.0,49,0.0,Entertainment,0.0,Low,1.0,Cat_6,D
7781,1,0.0,89,0.0,Lawyer,,Low,2.0,Cat_6,C
7782,1,1.0,26,0.0,Doctor,1.0,Low,1.0,Cat_6,D
7783,0,0.0,40,1.0,Doctor,6.0,Average,3.0,Cat_4,D
7784,1,0.0,61,0.0,Engineer,7.0,Average,5.0,Cat_4,B
7785,0,1.0,38,1.0,Healthcare,0.0,Low,2.0,Cat_6,C
7786,0,0.0,31,0.0,Healthcare,,Low,4.0,Cat_2,A
7787,0,0.0,40,1.0,Artist,0.0,Low,2.0,Cat_6,C
7788,1,0.0,67,0.0,Lawyer,0.0,Low,2.0,Cat_6,C
7789,1,0.0,50,0.0,Executive,1.0,High,4.0,Cat_6,C
7790,1,1.0,28,1.0,Healthcare,0.0,Low,3.0,Cat_6,D
7791,1,0.0,59,1.0,Artist,8.0,Low,1.0,Cat_6,D
7792,0,1.0,42,1.0,Engineer,8.0,Low,3.0,Cat_4,D
7793,0,0.0,58,1.0,Artist,1.0,High,4.0,Cat_6,A
7794,0,1.0,30,0.0,Homemaker,8.0,Low,,Cat_3,D
7795,1,0.0,57,1.0,Entertainment,,Low,1.0,Cat_6,D
7796,1,0.0,52,1.0,Entertainment,0.0,Average,6.0,Cat_4,A
7797,0,0.0,89,0.0,Lawyer,1.0,High,2.0,Cat_6,D
7798,1,1.0,19,0.0,Healthcare,0.0,Low,3.0,Cat_6,B
7799,0,1.0,29,1.0,Healthcare,,Low,3.0,Cat_6,D
7800,1,0.0,53,1.0,Entertainment,1.0,Low,3.0,Cat_2,D
7801,1,0.0,43,1.0,Artist,5.0,Average,2.0,Cat_6,C
7802,0,1.0,20,0.0,Healthcare,,Low,4.0,Cat_1,B
7803,0,0.0,37,0.0,Entertainment,2.0,Average,4.0,Cat_4,D
7804,1,0.0,56,1.0,Artist,1.0,Average,4.0,Cat_6,A
7805,0,0.0,48,1.0,Engineer,0.0,High,4.0,Cat_6,C
7806,1,1.0,33,1.0,Healthcare,9.0,Low,5.0,Cat_6,B
7807,1,1.0,30,0.0,Entertainment,1.0,Low,6.0,Cat_3,D
7808,1,1.0,31,0.0,Entertainment,9.0,Low,2.0,Cat_2,A
7809,0,1.0,29,1.0,Healthcare,9.0,Low,2.0,Cat_6,A
7810,0,1.0,45,0.0,Entertainment,8.0,Low,2.0,Cat_6,D
7811,0,1.0,25,0.0,Doctor,0.0,Low,3.0,Cat_6,C
7812,0,0.0,36,1.0,Artist,7.0,Average,2.0,Cat_6,A
7813,0,0.0,42,0.0,Doctor,1.0,Low,1.0,Cat_6,D
7814,0,1.0,25,0.0,Engineer,8.0,Low,3.0,Cat_6,B
7815,1,0.0,36,1.0,Artist,6.0,Average,4.0,Cat_6,A
7816,1,1.0,42,1.0,Entertainment,3.0,Low,2.0,Cat_2,D
7817,1,0.0,36,1.0,Healthcare,3.0,Low,3.0,Cat_6,B
7818,1,1.0,19,0.0,Healthcare,7.0,Low,3.0,Cat_6,A
7819,0,0.0,86,0.0,Lawyer,1.0,High,2.0,Cat_6,D
7820,1,0.0,43,1.0,Artist,,Average,2.0,Cat_6,C
7821,0,1.0,28,1.0,Healthcare,,Low,5.0,Cat_6,C
7822,1,0.0,37,1.0,Artist,,Average,3.0,Cat_6,C
7823,1,0.0,66,1.0,Artist,0.0,Low,2.0,Cat_6,A
7824,1,0.0,38,1.0,Artist,1.0,Low,6.0,Cat_6,D
7825,1,0.0,59,1.0,Artist,,Low,,Cat_6,C
7826,1,0.0,42,1.0,Entertainment,,Low,3.0,Cat_6,B
7827,0,0.0,28,0.0,Engineer,9.0,Average,2.0,Cat_4,D
7828,0,1.0,28,0.0,Engineer,3.0,Low,7.0,Cat_4,D
7829,0,1.0,45,1.0,Artist,4.0,Low,1.0,Cat_3,D
7830,0,0.0,36,1.0,Artist,4.0,Low,2.0,Cat_6,B
7831,1,0.0,35,1.0,Artist,,Average,,Cat_6,B
7832,0,1.0,26,1.0,Artist,13.0,Low,2.0,Cat_6,C
7833,0,0.0,50,1.0,Artist,1.0,High,5.0,Cat_6,A
7834,0,0.0,56,1.0,Artist,0.0,Average,4.0,Cat_6,A
7835,0,1.0,31,1.0,Homemaker,8.0,Low,1.0,Cat_6,B
7836,1,0.0,70,1.0,Lawyer,1.0,Low,1.0,Cat_6,D
7837,0,1.0,40,0.0,Entertainment,,Low,6.0,Cat_3,D
7838,1,0.0,50,1.0,Entertainment,1.0,Low,1.0,Cat_6,D
7839,1,0.0,42,1.0,Doctor,8.0,Average,2.0,Cat_2,C
7840,0,1.0,21,0.0,Doctor,,Low,,Cat_6,B
7841,1,0.0,62,1.0,Artist,0.0,Average,,Cat_4,A
7842,1,0.0,56,1.0,Artist,,Average,2.0,Cat_6,D
7843,1,1.0,37,0.0,Entertainment,,Low,1.0,Cat_6,B
7844,0,0.0,42,1.0,Engineer,1.0,Low,2.0,Cat_6,A
7845,0,1.0,43,0.0,Artist,,Low,1.0,Cat_6,C
7846,1,0.0,55,1.0,Entertainment,1.0,Low,3.0,Cat_6,D
7847,1,0.0,39,0.0,Entertainment,1.0,Average,2.0,Cat_6,C
7848,1,1.0,18,0.0,Healthcare,7.0,Low,3.0,Cat_1,B
7849,1,0.0,25,1.0,Artist,9.0,Low,4.0,Cat_6,B
7850,0,0.0,30,1.0,Doctor,,Average,2.0,Cat_3,C
7851,1,0.0,52,1.0,Artist,,High,3.0,Cat_6,D
7852,1,0.0,37,1.0,Artist,4.0,Average,2.0,Cat_6,A
7853,1,0.0,42,1.0,Artist,2.0,Average,2.0,Cat_6,A
7854,1,1.0,31,1.0,Artist,7.0,Low,1.0,Cat_4,D
7855,1,1.0,26,0.0,Healthcare,1.0,Low,6.0,Cat_6,A
7856,0,1.0,42,1.0,Artist,0.0,Low,1.0,Cat_4,C
7857,0,0.0,58,0.0,Artist,0.0,Average,3.0,Cat_6,D
7858,1,1.0,20,0.0,Healthcare,6.0,Low,3.0,Cat_6,B
7859,1,0.0,87,0.0,Artist,1.0,Low,1.0,Cat_6,D
7860,1,1.0,23,0.0,Healthcare,9.0,Low,6.0,Cat_4,C
7861,1,1.0,23,0.0,Healthcare,1.0,Low,4.0,Cat_6,B
7862,1,0.0,36,1.0,Doctor,9.0,Average,2.0,Cat_6,A
7863,0,1.0,21,0.0,Executive,0.0,Low,,Cat_3,D
7864,0,1.0,19,0.0,Healthcare,0.0,Low,4.0,Cat_6,B
7865,1,0.0,68,0.0,Entertainment,4.0,Average,2.0,Cat_6,D
7866,0,0.0,57,1.0,Engineer,1.0,Low,4.0,Cat_3,A
7867,1,0.0,62,1.0,Entertainment,0.0,Average,4.0,Cat_6,C
7868,1,0.0,26,0.0,Executive,9.0,High,4.0,Cat_6,B
7869,1,1.0,30,1.0,Healthcare,,Low,1.0,Cat_6,B
7870,1,0.0,35,1.0,Entertainment,1.0,Low,2.0,Cat_3,D
7871,1,0.0,70,0.0,Lawyer,0.0,Low,1.0,Cat_6,C
7872,1,1.0,21,0.0,Doctor,,Low,4.0,Cat_6,A
7873,0,0.0,50,1.0,,1.0,Low,2.0,Cat_3,D
7874,1,0.0,41,1.0,Entertainment,,Low,5.0,Cat_3,A
7875,0,1.0,27,1.0,Healthcare,1.0,Low,4.0,Cat_6,C
7876,1,1.0,25,1.0,Doctor,6.0,Low,1.0,Cat_2,B
7877,1,1.0,29,1.0,Healthcare,0.0,Low,4.0,Cat_6,B
7878,0,0.0,30,0.0,Engineer,,Average,3.0,Cat_4,B
7879,0,0.0,66,0.0,Marketing,0.0,High,2.0,Cat_1,A
7880,1,0.0,52,1.0,Artist,1.0,Average,3.0,Cat_2,A
7881,1,0.0,76,0.0,Entertainment,0.0,Low,1.0,Cat_6,B
7882,1,0.0,52,1.0,Entertainment,1.0,Average,4.0,Cat_6,B
7883,1,0.0,57,0.0,Executive,0.0,High,4.0,Cat_6,D
7884,0,0.0,79,0.0,Lawyer,1.0,High,2.0,Cat_4,A
7885,0,1.0,55,0.0,Entertainment,3.0,Low,1.0,Cat_6,D
7886,1,0.0,45,0.0,Homemaker,,Average,4.0,Cat_6,A
7887,1,1.0,52,0.0,Entertainment,1.0,Low,1.0,Cat_6,D
7888,1,1.0,23,0.0,Healthcare,1.0,Low,4.0,Cat_6,B
7889,0,0.0,43,1.0,,1.0,Low,2.0,Cat_6,B
7890,1,1.0,47,0.0,Entertainment,1.0,Low,1.0,Cat_6,D
7891,1,0.0,62,0.0,Entertainment,1.0,Average,6.0,Cat_6,C
7892,1,0.0,43,0.0,Artist,8.0,Low,1.0,Cat_6,D
7893,1,1.0,30,1.0,Artist,1.0,Low,1.0,Cat_6,D
7894,0,0.0,37,1.0,Artist,6.0,Low,2.0,Cat_6,C
7895,1,0.0,35,,Entertainment,1.0,High,2.0,Cat_6,B
7896,0,0.0,41,1.0,Doctor,0.0,Low,1.0,Cat_6,C
7897,0,0.0,42,0.0,Engineer,0.0,Average,2.0,Cat_6,D
7898,1,1.0,33,1.0,Healthcare,0.0,Low,7.0,Cat_4,D
7899,0,0.0,56,1.0,Artist,1.0,High,4.0,Cat_2,C
7900,0,0.0,48,1.0,Entertainment,0.0,Low,1.0,Cat_3,C
7901,1,0.0,52,1.0,Artist,1.0,Average,4.0,Cat_3,A
7902,1,0.0,62,1.0,Executive,0.0,High,2.0,Cat_6,C
7903,1,0.0,48,1.0,Doctor,1.0,Average,3.0,Cat_2,A
7904,0,0.0,88,1.0,Lawyer,0.0,Low,2.0,Cat_6,A
7905,0,1.0,42,0.0,Marketing,5.0,Low,2.0,Cat_6,B
7906,0,0.0,38,1.0,Artist,5.0,Average,3.0,Cat_1,B
7907,0,0.0,49,0.0,Engineer,6.0,Low,2.0,Cat_6,D
7908,0,1.0,53,0.0,Marketing,0.0,Low,1.0,Cat_3,D
7909,0,1.0,27,,Marketing,8.0,Low,4.0,Cat_4,B
7910,1,1.0,30,1.0,Healthcare,9.0,Low,5.0,Cat_6,B
7911,1,0.0,58,0.0,Executive,12.0,High,2.0,Cat_6,A
7912,1,0.0,55,1.0,Artist,4.0,Low,2.0,Cat_6,C
7913,0,1.0,30,1.0,Homemaker,6.0,Low,1.0,Cat_6,B
7914,0,1.0,26,1.0,Healthcare,0.0,Low,3.0,Cat_6,A
7915,0,1.0,59,1.0,Entertainment,1.0,Low,2.0,Cat_6,D
7916,0,0.0,25,1.0,Homemaker,,High,2.0,Cat_6,C
7917,1,0.0,50,0.0,Artist,1.0,Average,5.0,Cat_4,C
7918,1,1.0,32,1.0,Healthcare,,Low,1.0,Cat_6,B
7919,1,1.0,18,0.0,Healthcare,0.0,Low,7.0,Cat_3,B
7920,0,0.0,65,1.0,Lawyer,2.0,Low,6.0,Cat_1,B
7921,1,0.0,46,1.0,Artist,0.0,Low,2.0,Cat_6,D
7922,1,0.0,45,1.0,Artist,0.0,Low,1.0,Cat_6,A
7923,0,0.0,75,0.0,Lawyer,0.0,High,2.0,Cat_6,B
7924,1,0.0,38,0.0,Entertainment,2.0,Low,3.0,Cat_6,B
7925,0,1.0,36,1.0,Marketing,0.0,Low,2.0,Cat_3,B
7926,1,1.0,18,0.0,Healthcare,0.0,Low,3.0,Cat_4,B
7927,1,1.0,38,1.0,Artist,2.0,Low,1.0,Cat_4,B
7928,0,1.0,32,0.0,Homemaker,14.0,Low,1.0,Cat_6,A
7929,0,1.0,32,1.0,Healthcare,3.0,Low,2.0,Cat_6,A
7930,0,0.0,68,1.0,Artist,4.0,Low,2.0,Cat_6,C
7931,1,0.0,50,0.0,Executive,0.0,High,4.0,Cat_6,C
7932,0,0.0,52,0.0,Doctor,3.0,Average,2.0,Cat_6,D
7933,1,1.0,42,0.0,Artist,2.0,Low,4.0,Cat_6,D
7934,1,1.0,20,0.0,Healthcare,0.0,Low,4.0,Cat_6,D
7935,1,0.0,25,0.0,Healthcare,1.0,Average,2.0,Cat_6,B
7936,0,0.0,70,1.0,Artist,8.0,Average,2.0,Cat_6,A
7937,0,1.0,28,0.0,Doctor,,Low,5.0,Cat_2,D
7938,0,0.0,46,1.0,Artist,0.0,Average,3.0,Cat_6,C
7939,0,1.0,25,0.0,Artist,1.0,Low,1.0,Cat_4,C
7940,1,0.0,43,1.0,Doctor,3.0,Average,2.0,Cat_6,C
7941,1,1.0,27,1.0,Entertainment,,Low,2.0,Cat_6,D
7942,1,1.0,31,0.0,Artist,3.0,Low,2.0,Cat_6,D
7943,1,0.0,59,0.0,Entertainment,1.0,Low,2.0,Cat_6,B
7944,1,1.0,23,0.0,Healthcare,0.0,Low,4.0,Cat_6,B
7945,0,1.0,27,1.0,Artist,0.0,Low,3.0,Cat_7,D
7946,1,0.0,55,1.0,Artist,0.0,Average,2.0,Cat_6,A
7947,1,1.0,20,0.0,Marketing,,Low,5.0,Cat_6,A
7948,1,1.0,42,0.0,Entertainment,1.0,Low,3.0,Cat_6,D
7949,0,0.0,52,0.0,Engineer,1.0,High,2.0,Cat_6,D
7950,1,0.0,56,,Artist,2.0,Average,3.0,Cat_4,C
7951,1,0.0,35,1.0,Entertainment,1.0,Average,2.0,Cat_3,B
7952,1,0.0,47,1.0,Homemaker,,Low,1.0,Cat_6,C
7953,1,0.0,33,0.0,Doctor,9.0,Low,2.0,Cat_6,D
7954,0,1.0,29,1.0,Homemaker,5.0,Low,7.0,Cat_6,D
7955,1,1.0,58,0.0,Healthcare,4.0,Low,2.0,Cat_6,B
7956,0,1.0,46,1.0,Artist,9.0,Low,1.0,Cat_6,C
7957,1,0.0,28,0.0,Executive,1.0,High,3.0,Cat_6,B
7958,0,0.0,51,1.0,Doctor,0.0,Average,3.0,Cat_6,C
7959,0,0.0,88,0.0,Lawyer,2.0,High,1.0,Cat_6,A
7960,0,0.0,60,1.0,Engineer,0.0,Low,,Cat_3,C
7961,1,1.0,33,0.0,Healthcare,0.0,Low,4.0,Cat_2,C
7962,1,1.0,25,0.0,Engineer,9.0,Low,3.0,Cat_4,A
7963,0,1.0,50,0.0,Engineer,1.0,Low,1.0,Cat_3,D
7964,1,0.0,83,1.0,Lawyer,,High,2.0,Cat_6,D
7965,0,0.0,73,0.0,Lawyer,0.0,High,2.0,Cat_6,A
7966,1,1.0,18,0.0,Healthcare,13.0,Low,4.0,Cat_6,B
7967,0,1.0,50,1.0,Artist,0.0,Low,1.0,Cat_6,C
7968,1,1.0,25,1.0,Healthcare,8.0,Low,4.0,Cat_6,D
7969,0,1.0,31,0.0,Healthcare,,Low,2.0,Cat_6,B
7970,0,1.0,18,0.0,Healthcare,5.0,Low,4.0,Cat_6,B
7971,1,,80,0.0,Lawyer,0.0,Low,1.0,Cat_6,D
7972,1,0.0,77,1.0,Lawyer,1.0,Low,1.0,Cat_6,A
7973,1,0.0,65,0.0,Lawyer,0.0,High,2.0,Cat_6,A
7974,1,0.0,51,1.0,Engineer,,Low,2.0,Cat_6,B
7975,0,0.0,58,1.0,Engineer,0.0,Average,4.0,Cat_4,C
7976,0,0.0,45,1.0,Artist,4.0,Low,1.0,Cat_6,A
7977,1,0.0,43,1.0,Artist,8.0,Average,2.0,Cat_6,C
7978,1,0.0,57,1.0,Entertainment,,Low,,Cat_3,A
7979,1,1.0,22,0.0,Healthcare,0.0,Low,1.0,Cat_6,B
7980,1,1.0,31,1.0,Healthcare,0.0,Low,3.0,Cat_3,B
7981,0,0.0,50,1.0,Artist,0.0,Average,2.0,Cat_6,A
7982,0,1.0,30,1.0,Entertainment,0.0,Low,1.0,Cat_6,B
7983,0,1.0,31,0.0,Healthcare,9.0,Low,1.0,Cat_6,B
7984,1,0.0,89,1.0,Lawyer,7.0,High,2.0,Cat_6,A
7985,1,0.0,65,1.0,Entertainment,3.0,Low,3.0,Cat_6,A
7986,1,0.0,69,0.0,Executive,,Low,4.0,Cat_6,B
7987,1,0.0,55,1.0,Artist,1.0,Average,2.0,Cat_7,D
7988,1,0.0,42,1.0,Artist,1.0,Average,3.0,Cat_6,A
7989,0,1.0,41,1.0,Doctor,9.0,Low,1.0,Cat_4,D
7990,1,0.0,40,1.0,Artist,0.0,Average,2.0,Cat_6,A
7991,1,1.0,33,0.0,Healthcare,0.0,Low,5.0,Cat_6,A
7992,1,0.0,48,0.0,Entertainment,1.0,Average,3.0,Cat_3,A
7993,1,0.0,41,1.0,Artist,0.0,High,4.0,Cat_6,D
7994,1,0.0,84,0.0,Lawyer,0.0,Low,1.0,Cat_6,B
7995,1,0.0,28,0.0,Entertainment,0.0,Low,2.0,Cat_3,C
7996,0,0.0,84,1.0,Lawyer,,High,2.0,Cat_6,A
7997,1,1.0,18,0.0,Healthcare,,Low,4.0,Cat_6,B
7998,1,1.0,40,1.0,Doctor,12.0,Low,1.0,Cat_2,B
7999,1,1.0,38,1.0,Artist,6.0,Low,4.0,Cat_2,D
8000,1,1.0,22,0.0,Healthcare,0.0,Low,3.0,Cat_6,B
8001,1,0.0,59,0.0,Executive,7.0,Average,5.0,Cat_6,C
8002,1,1.0,25,1.0,Healthcare,4.0,Low,5.0,Cat_4,B
8003,0,1.0,29,0.0,Engineer,1.0,Low,4.0,Cat_6,B
8004,1,0.0,40,1.0,Artist,,Low,3.0,Cat_6,A
8005,0,0.0,50,0.0,Engineer,1.0,Average,4.0,Cat_6,C
8006,1,0.0,65,1.0,Artist,1.0,High,2.0,Cat_6,A
8007,1,0.0,61,1.0,Executive,0.0,High,3.0,Cat_6,B
8008,0,0.0,63,1.0,Artist,,Low,1.0,Cat_6,C
8009,0,0.0,36,1.0,Artist,4.0,Low,1.0,Cat_3,A
8010,0,1.0,45,1.0,Engineer,1.0,Low,1.0,Cat_6,D
8011,1,0.0,56,1.0,Entertainment,2.0,Average,2.0,Cat_6,B
8012,1,1.0,28,0.0,Healthcare,1.0,Low,4.0,Cat_6,C
8013,0,0.0,60,1.0,Artist,0.0,Average,2.0,Cat_4,C
8014,1,1.0,42,1.0,Artist,3.0,Low,1.0,Cat_6,C
8015,0,0.0,85,1.0,Artist,1.0,High,2.0,Cat_2,B
8016,0,1.0,18,0.0,Healthcare,0.0,Low,3.0,Cat_6,B
8017,1,0.0,50,0.0,Entertainment,0.0,Average,3.0,Cat_6,A
8018,0,0.0,53,1.0,Artist,0.0,Average,3.0,Cat_6,A
8019,0,1.0,38,0.0,Entertainment,8.0,Low,2.0,Cat_6,C
8020,1,1.0,22,0.0,Healthcare,0.0,Low,4.0,Cat_6,B
8021,1,0.0,41,1.0,Executive,0.0,Low,4.0,Cat_6,C
8022,1,0.0,33,1.0,Executive,11.0,High,9.0,Cat_4,D
8023,1,0.0,57,1.0,Artist,0.0,Average,3.0,Cat_6,B
8024,0,0.0,48,1.0,Artist,8.0,High,4.0,Cat_6,A
8025,0,0.0,70,1.0,Engineer,0.0,Low,1.0,Cat_6,A
8026,0,0.0,38,1.0,Artist,3.0,Low,2.0,Cat_7,A
8027,1,0.0,84,0.0,Lawyer,1.0,Low,1.0,Cat_6,D
8028,0,0.0,87,0.0,Lawyer,0.0,High,2.0,Cat_6,D
8029,0,0.0,47,1.0,Artist,1.0,Average,2.0,Cat_7,A
8030,1,0.0,67,0.0,Artist,1.0,Low,1.0,Cat_6,C
8031,0,0.0,78,0.0,Lawyer,0.0,High,2.0,Cat_6,B
8032,1,1.0,33,0.0,Entertainment,1.0,Low,5.0,Cat_3,B
8033,0,0.0,50,1.0,Executive,4.0,High,3.0,Cat_6,C
8034,1,0.0,35,1.0,Entertainment,9.0,High,2.0,Cat_2,D
8035,0,0.0,51,1.0,Artist,1.0,Average,3.0,Cat_6,A
8036,1,0.0,68,1.0,Entertainment,0.0,Low,3.0,Cat_2,D
8037,0,0.0,57,0.0,Engineer,0.0,Low,1.0,Cat_3,C
8038,0,0.0,57,1.0,Artist,0.0,High,4.0,Cat_6,A
8039,0,1.0,36,0.0,Engineer,0.0,Low,1.0,Cat_6,D
8040,1,1.0,23,0.0,Healthcare,1.0,Low,3.0,Cat_6,B
8041,1,0.0,45,0.0,Doctor,9.0,High,4.0,Cat_6,B
8042,1,1.0,31,1.0,Entertainment,,Low,,Cat_5,D
8043,1,0.0,56,0.0,Executive,,High,3.0,Cat_6,C
8044,1,0.0,56,1.0,Artist,0.0,Average,3.0,Cat_4,A
8045,0,1.0,41,1.0,Artist,9.0,Low,1.0,Cat_6,C
8046,1,0.0,29,1.0,Healthcare,2.0,Average,2.0,Cat_2,C
8047,0,0.0,85,1.0,Lawyer,0.0,High,2.0,Cat_6,D
8048,1,0.0,48,1.0,Doctor,1.0,Average,2.0,Cat_6,A
8049,1,0.0,48,0.0,Entertainment,6.0,Average,5.0,Cat_4,C
8050,1,0.0,69,0.0,Executive,9.0,Average,2.0,Cat_6,C
8051,0,0.0,42,0.0,Engineer,1.0,Low,3.0,Cat_6,D
8052,1,0.0,25,0.0,Artist,1.0,Average,4.0,Cat_4,C
8053,1,0.0,46,1.0,Doctor,2.0,Low,4.0,Cat_3,D
8054,1,0.0,35,1.0,Artist,1.0,Average,2.0,Cat_6,C
8055,0,1.0,28,0.0,Healthcare,0.0,Low,4.0,Cat_2,C
8056,1,1.0,22,0.0,Marketing,3.0,Low,6.0,Cat_3,B
8057,0,1.0,31,0.0,Marketing,0.0,Low,3.0,Cat_6,B
8058,1,0.0,60,1.0,Artist,9.0,Low,1.0,Cat_6,C
8059,0,1.0,30,0.0,Doctor,0.0,Low,5.0,Cat_3,C
8060,1,0.0,38,0.0,Marketing,,High,4.0,Cat_7,A
8061,0,0.0,45,1.0,Homemaker,8.0,Low,,Cat_3,D
8062,0,1.0,18,0.0,Healthcare,0.0,Low,4.0,Cat_6,B
8063,1,0.0,70,0.0,Lawyer,,Low,1.0,Cat_6,B
8064,0,0.0,42,0.0,Engineer,4.0,Low,1.0,Cat_6,C
8065,1,0.0,51,1.0,Artist,1.0,Average,3.0,Cat_6,A
8066,0,0.0,47,1.0,Artist,0.0,Low,3.0,Cat_6,C
8067,0,1.0,42,1.0,Artist,13.0,Low,1.0,Cat_6,A
8068,0,,41,1.0,Healthcare,0.0,Low,1.0,Cat_4,D
8069,1,1.0,38,0.0,Artist,1.0,Low,1.0,Cat_3,A
8070,0,1.0,30,1.0,Artist,0.0,Low,,Cat_6,B
8071,1,1.0,40,1.0,Doctor,4.0,Low,2.0,Cat_6,A
8072,0,0.0,58,1.0,Homemaker,0.0,Average,4.0,Cat_6,C
8073,1,1.0,31,0.0,Homemaker,14.0,Low,1.0,Cat_6,B
8074,0,0.0,47,1.0,Artist,5.0,Average,4.0,Cat_6,A
8075,0,1.0,40,1.0,Engineer,1.0,Low,3.0,Cat_3,C
8076,1,0.0,40,1.0,Artist,0.0,Low,2.0,Cat_6,C
8077,1,0.0,60,1.0,Lawyer,9.0,Low,2.0,Cat_6,C
8078,0,0.0,79,1.0,Lawyer,0.0,Low,1.0,Cat_3,D
8079,0,1.0,27,0.0,Healthcare,0.0,Low,3.0,Cat_6,D
8080,0,1.0,29,0.0,Engineer,0.0,Low,6.0,Cat_4,A
8081,0,0.0,88,1.0,Lawyer,1.0,Average,2.0,Cat_6,A
8082,1,1.0,18,0.0,Healthcare,7.0,Low,4.0,Cat_6,B
8083,1,0.0,30,0.0,Executive,1.0,High,2.0,Cat_6,B
8084,0,1.0,32,1.0,Homemaker,5.0,Low,1.0,Cat_6,B
8085,0,1.0,23,0.0,Healthcare,6.0,Low,5.0,Cat_2,B
8086,1,0.0,49,1.0,Homemaker,12.0,Low,1.0,Cat_3,D
8087,0,1.0,35,1.0,Healthcare,,Low,1.0,Cat_4,B
8088,1,0.0,45,1.0,Entertainment,0.0,Average,2.0,Cat_4,C
8089,1,1.0,25,0.0,Marketing,3.0,Low,3.0,Cat_5,B
8090,1,1.0,49,1.0,Doctor,,Low,1.0,Cat_6,A
8091,1,0.0,38,1.0,Artist,0.0,Low,2.0,Cat_7,C
8092,1,0.0,37,1.0,Artist,,Low,2.0,Cat_6,D
8093,1,0.0,36,0.0,Executive,1.0,High,6.0,Cat_4,B
8094,0,0.0,59,1.0,Artist,1.0,Average,2.0,Cat_5,C
8095,0,1.0,37,1.0,Entertainment,1.0,Low,2.0,Cat_7,A
8096,1,0.0,81,0.0,Executive,0.0,Low,1.0,Cat_6,B
8097,0,0.0,38,0.0,Artist,0.0,Low,3.0,Cat_6,A
8098,1,1.0,22,0.0,Healthcare,6.0,Low,4.0,Cat_6,B
8099,1,1.0,33,0.0,Engineer,1.0,Low,3.0,Cat_4,B
8100,1,0.0,41,1.0,Marketing,,High,2.0,Cat_6,C
8101,1,1.0,26,0.0,Doctor,1.0,Low,3.0,Cat_6,B
8102,1,0.0,55,1.0,Artist,0.0,Average,2.0,Cat_6,A
8103,1,0.0,45,1.0,Entertainment,0.0,Low,4.0,Cat_2,A
8104,0,1.0,19,,Healthcare,9.0,Low,4.0,Cat_3,B
8105,1,,28,1.0,Engineer,1.0,Low,2.0,Cat_4,C
8106,1,0.0,47,0.0,Executive,1.0,High,6.0,Cat_6,A
8107,1,1.0,20,0.0,Healthcare,0.0,Low,3.0,Cat_6,B
8108,0,0.0,45,0.0,Engineer,2.0,Low,2.0,Cat_6,B
8109,1,0.0,58,0.0,Artist,0.0,Average,2.0,Cat_6,C
8110,0,1.0,37,1.0,Healthcare,,Low,1.0,Cat_6,B
8111,1,0.0,57,1.0,Artist,0.0,Average,3.0,Cat_4,A
8112,0,1.0,21,0.0,Healthcare,8.0,Low,4.0,Cat_6,B
8113,0,1.0,27,0.0,Engineer,0.0,Low,6.0,Cat_6,B
8114,0,1.0,33,0.0,,,Low,1.0,Cat_7,A
8115,1,0.0,70,1.0,Artist,1.0,Average,2.0,Cat_6,A
8116,1,1.0,33,0.0,Entertainment,13.0,Low,1.0,Cat_6,D
8117,1,1.0,18,0.0,Doctor,0.0,Low,3.0,Cat_6,B
8118,0,0.0,89,1.0,Lawyer,1.0,Low,,Cat_6,D
8119,0,0.0,38,0.0,Engineer,9.0,Average,4.0,Cat_4,D
8120,1,0.0,30,0.0,Healthcare,1.0,Average,4.0,Cat_6,B
8121,0,1.0,30,0.0,Executive,,Low,1.0,Cat_3,A
8122,0,1.0,28,0.0,Entertainment,1.0,Low,4.0,Cat_6,B
8123,1,0.0,62,1.0,Artist,1.0,Average,2.0,Cat_3,A
8124,0,1.0,26,1.0,Homemaker,8.0,Low,2.0,Cat_6,B
8125,0,1.0,26,0.0,Healthcare,3.0,Low,,Cat_6,B
8126,1,0.0,52,1.0,Marketing,1.0,Low,3.0,Cat_3,B
8127,1,1.0,43,0.0,Executive,0.0,Low,5.0,Cat_6,D
8128,1,0.0,45,1.0,Entertainment,0.0,Average,4.0,Cat_6,A
8129,1,0.0,35,1.0,Entertainment,7.0,Low,2.0,Cat_6,B
8130,0,0.0,42,1.0,Artist,5.0,Low,1.0,Cat_6,D
8131,1,0.0,60,1.0,Artist,0.0,Average,4.0,Cat_3,D
8132,1,0.0,45,1.0,,1.0,Low,2.0,Cat_6,D
8133,0,1.0,29,1.0,Artist,1.0,Low,3.0,Cat_6,A
8134,1,0.0,82,1.0,Lawyer,,High,2.0,Cat_6,C
8135,0,1.0,45,1.0,Engineer,0.0,Low,1.0,Cat_6,D
8136,1,0.0,63,1.0,Artist,9.0,Average,3.0,,D
8137,0,0.0,40,1.0,Engineer,,Average,5.0,Cat_3,C
8138,0,0.0,73,0.0,Engineer,1.0,Low,,,D
8139,1,0.0,53,1.0,Artist,0.0,Average,5.0,Cat_6,A
8140,1,1.0,23,0.0,Healthcare,7.0,Low,3.0,Cat_6,B
8141,0,0.0,79,0.0,Lawyer,,High,2.0,Cat_6,D
8142,0,0.0,50,0.0,Artist,9.0,High,2.0,Cat_4,D
8143,0,1.0,23,0.0,Healthcare,1.0,Low,3.0,Cat_3,B
8144,1,0.0,41,1.0,Executive,1.0,High,4.0,Cat_6,A
8145,1,0.0,40,1.0,Healthcare,,High,5.0,Cat_3,A
8146,0,0.0,52,1.0,Doctor,0.0,Average,2.0,Cat_6,A
8147,0,0.0,36,1.0,Entertainment,0.0,Average,3.0,Cat_6,C
8148,0,0.0,71,0.0,Lawyer,1.0,High,2.0,Cat_6,C
8149,0,0.0,59,1.0,Artist,0.0,Average,3.0,Cat_6,A
8150,1,0.0,61,1.0,Doctor,1.0,Low,1.0,Cat_6,B
8151,1,0.0,84,0.0,Executive,1.0,High,2.0,Cat_6,D
8152,0,1.0,31,0.0,Doctor,6.0,Low,4.0,Cat_6,B
8153,0,1.0,30,1.0,Healthcare,9.0,Low,1.0,Cat_6,B
8154,0,0.0,66,1.0,Engineer,0.0,Low,2.0,Cat_6,C
8155,1,0.0,28,0.0,Executive,1.0,High,5.0,Cat_6,D
8156,1,0.0,84,1.0,Lawyer,0.0,Low,3.0,Cat_6,D
8157,0,1.0,38,1.0,Marketing,9.0,Low,4.0,Cat_5,B
8158,0,1.0,53,1.0,Artist,3.0,Low,,Cat_4,D
8159,1,1.0,27,,Doctor,0.0,Low,,Cat_2,D
8160,0,0.0,25,1.0,Healthcare,1.0,High,4.0,Cat_4,D
8161,1,0.0,49,0.0,Entertainment,0.0,Average,4.0,Cat_6,B
8162,1,0.0,41,0.0,Executive,8.0,Average,4.0,Cat_1,D
8163,1,1.0,28,1.0,Healthcare,7.0,Low,4.0,Cat_2,A
8164,1,0.0,52,0.0,Entertainment,0.0,Average,2.0,Cat_4,C
8165,1,1.0,35,1.0,Artist,9.0,Low,1.0,Cat_6,D
8166,0,0.0,53,1.0,Artist,0.0,Average,2.0,Cat_3,C
8167,1,,57,1.0,Artist,2.0,High,3.0,Cat_6,C
8168,1,0.0,76,1.0,Lawyer,1.0,Low,1.0,Cat_6,D
8169,0,1.0,51,1.0,Artist,1.0,Low,1.0,Cat_6,C
8170,0,0.0,50,1.0,Artist,1.0,Average,4.0,Cat_6,A
8171,1,1.0,28,1.0,Entertainment,1.0,Low,2.0,Cat_3,B
8172,1,0.0,37,1.0,Entertainment,1.0,Average,3.0,Cat_4,A
8173,0,0.0,37,1.0,Doctor,9.0,Average,2.0,Cat_6,A
8174,0,1.0,62,1.0,Doctor,,Low,1.0,Cat_6,B
8175,1,0.0,45,1.0,Entertainment,4.0,Average,3.0,Cat_2,C
8176,0,0.0,60,0.0,Engineer,1.0,Average,5.0,Cat_4,C
8177,1,1.0,36,0.0,Entertainment,1.0,Low,1.0,Cat_6,D
8178,1,0.0,65,0.0,Lawyer,,High,2.0,Cat_3,C
8179,1,0.0,69,1.0,Lawyer,0.0,High,3.0,Cat_6,D
8180,1,1.0,32,0.0,Healthcare,0.0,Low,4.0,Cat_6,D
8181,1,0.0,47,0.0,Entertainment,0.0,Average,3.0,Cat_6,A
8182,1,1.0,35,1.0,Artist,4.0,Low,2.0,Cat_6,D
8183,1,1.0,33,0.0,Healthcare,3.0,Low,4.0,Cat_6,B
8184,1,0.0,73,1.0,Executive,11.0,High,2.0,Cat_6,A
8185,1,1.0,25,1.0,Artist,7.0,Low,1.0,Cat_2,D
8186,1,0.0,35,1.0,Entertainment,3.0,Average,2.0,Cat_6,D
8187,1,1.0,20,0.0,Healthcare,3.0,Low,4.0,Cat_2,D
8188,0,0.0,46,0.0,Homemaker,9.0,Low,1.0,Cat_3,D
8189,1,0.0,37,1.0,Artist,1.0,Average,2.0,Cat_6,C
8190,0,1.0,46,1.0,Artist,1.0,Low,1.0,Cat_4,D
8191,0,0.0,60,1.0,Lawyer,0.0,Low,2.0,Cat_6,B
8192,0,0.0,37,1.0,Artist,9.0,Low,2.0,Cat_6,A
8193,1,0.0,47,1.0,Artist,1.0,Low,2.0,Cat_6,C
8194,1,0.0,49,1.0,Artist,1.0,Average,4.0,Cat_6,C
8195,1,0.0,52,1.0,Entertainment,1.0,Average,4.0,Cat_6,C
8196,1,0.0,41,0.0,Entertainment,0.0,Average,4.0,Cat_4,D
8197,1,1.0,46,1.0,Artist,1.0,Low,2.0,Cat_6,C
8198,1,0.0,57,1.0,Artist,1.0,Average,3.0,Cat_6,D
8199,0,0.0,38,1.0,Artist,0.0,Low,1.0,Cat_6,C
8200,0,1.0,40,1.0,Doctor,1.0,Low,1.0,Cat_6,C
8201,1,0.0,50,1.0,Artist,1.0,Average,4.0,Cat_6,A
8202,1,0.0,80,0.0,Lawyer,7.0,Low,,Cat_3,A
8203,1,0.0,43,1.0,Entertainment,,Low,4.0,Cat_3,D
8204,1,1.0,20,0.0,Healthcare,0.0,Low,4.0,Cat_6,A
8205,1,0.0,70,1.0,Lawyer,1.0,Low,2.0,Cat_6,C
8206,1,1.0,31,0.0,Healthcare,1.0,Low,4.0,Cat_4,A
8207,1,0.0,43,0.0,Artist,1.0,High,9.0,Cat_4,C
8208,1,1.0,28,0.0,Doctor,0.0,Low,3.0,Cat_3,C
8209,1,1.0,31,1.0,Healthcare,3.0,Low,4.0,Cat_1,B
8210,0,0.0,60,1.0,Artist,1.0,Low,2.0,Cat_6,D
8211,0,1.0,25,0.0,Artist,1.0,Low,3.0,Cat_6,A
8212,0,0.0,57,1.0,Artist,0.0,Low,2.0,Cat_6,C
8213,0,1.0,25,1.0,Marketing,12.0,Low,1.0,Cat_6,B
8214,0,1.0,37,0.0,Marketing,8.0,Low,3.0,Cat_3,D
8215,1,1.0,53,1.0,Doctor,0.0,Low,1.0,Cat_6,A
8216,0,0.0,73,0.0,Lawyer,1.0,Low,2.0,Cat_6,C
8217,1,0.0,40,1.0,Entertainment,3.0,Average,3.0,Cat_4,C
8218,1,0.0,53,1.0,Artist,9.0,Low,2.0,Cat_6,C
8219,0,1.0,31,1.0,Healthcare,1.0,Low,7.0,Cat_6,D
8220,0,0.0,53,1.0,Engineer,0.0,Low,4.0,Cat_1,C
8221,1,0.0,52,1.0,Executive,1.0,Average,4.0,Cat_2,A
8222,1,0.0,43,1.0,Entertainment,8.0,Low,2.0,Cat_6,C
8223,1,0.0,59,1.0,Entertainment,1.0,Average,3.0,Cat_6,C
8224,0,0.0,51,1.0,Engineer,1.0,High,3.0,Cat_6,A
8225,1,1.0,23,0.0,Healthcare,,Low,4.0,Cat_3,B
8226,1,0.0,85,1.0,Executive,1.0,High,2.0,Cat_6,B
8227,1,0.0,26,1.0,Artist,6.0,Average,2.0,Cat_6,D
8228,1,0.0,71,1.0,Entertainment,0.0,Low,2.0,Cat_6,D
8229,1,0.0,43,1.0,Executive,0.0,High,3.0,Cat_6,C
8230,0,1.0,35,1.0,Artist,8.0,Low,1.0,Cat_6,C
8231,1,0.0,48,1.0,Doctor,3.0,Average,2.0,Cat_6,B
8232,1,0.0,36,1.0,Artist,,Average,2.0,Cat_6,A
8233,1,0.0,51,1.0,Artist,,Average,4.0,Cat_6,A
8234,0,0.0,46,0.0,Entertainment,4.0,Average,,Cat_4,D
8235,1,0.0,57,1.0,Artist,0.0,Average,3.0,Cat_2,B
8236,1,0.0,27,1.0,Entertainment,,Low,,Cat_3,C
8237,0,1.0,49,1.0,Artist,3.0,Low,1.0,Cat_6,A
8238,1,1.0,19,0.0,Healthcare,0.0,Low,,Cat_3,B
8239,1,1.0,22,0.0,Healthcare,0.0,Low,4.0,Cat_6,B
8240,0,0.0,60,1.0,Artist,,High,4.0,Cat_6,A
8241,0,1.0,26,1.0,Artist,1.0,Low,4.0,Cat_6,C
8242,0,0.0,74,1.0,Doctor,1.0,Low,2.0,Cat_6,C
8243,0,0.0,42,1.0,Artist,5.0,Average,2.0,Cat_4,D
8244,1,0.0,39,1.0,Doctor,0.0,High,3.0,Cat_6,A
8245,1,0.0,51,1.0,Artist,,Average,5.0,Cat_6,A
8246,1,0.0,41,1.0,,1.0,Average,4.0,Cat_6,D
8247,0,0.0,66,0.0,Lawyer,0.0,Average,2.0,Cat_6,D
8248,1,1.0,39,1.0,Artist,8.0,Low,2.0,Cat_3,D
8249,1,1.0,30,0.0,Healthcare,4.0,Low,4.0,Cat_6,B
8250,1,1.0,19,0.0,Healthcare,4.0,Low,4.0,Cat_6,D
8251,1,0.0,50,1.0,Executive,9.0,High,3.0,Cat_2,A
8252,1,,23,0.0,Healthcare,3.0,Low,4.0,Cat_4,B
8253,1,1.0,31,1.0,Healthcare,1.0,Low,5.0,Cat_6,D
8254,1,0.0,59,1.0,Artist,0.0,Low,1.0,Cat_3,D
8255,0,0.0,56,1.0,Artist,1.0,Average,5.0,Cat_6,A
8256,1,1.0,19,0.0,Executive,13.0,Low,3.0,Cat_7,B
8257,0,0.0,42,0.0,Entertainment,1.0,Low,6.0,Cat_3,C
8258,0,0.0,52,1.0,Artist,8.0,Average,4.0,Cat_6,D
8259,1,1.0,32,0.0,Healthcare,7.0,Low,4.0,Cat_3,D
8260,0,0.0,28,0.0,Engineer,6.0,Low,3.0,Cat_6,D
8261,1,0.0,42,0.0,Marketing,1.0,Low,3.0,Cat_6,D
8262,1,0.0,48,0.0,Entertainment,5.0,Average,2.0,Cat_2,A
8263,0,0.0,41,1.0,Engineer,1.0,Average,4.0,Cat_6,A
8264,1,0.0,32,1.0,Entertainment,6.0,Low,2.0,Cat_2,C
8265,1,0.0,26,0.0,Executive,5.0,High,4.0,Cat_6,B
8266,1,0.0,41,1.0,,0.0,Low,2.0,Cat_7,B
8267,1,0.0,61,1.0,Artist,0.0,Low,1.0,Cat_6,C
8268,0,0.0,88,1.0,Lawyer,0.0,Low,1.0,Cat_6,B
8269,0,0.0,39,0.0,Entertainment,0.0,Low,4.0,Cat_4,D
8270,0,1.0,41,1.0,Artist,1.0,Low,1.0,Cat_4,D
8271,1,1.0,56,1.0,Artist,2.0,Low,1.0,Cat_6,C
8272,0,0.0,49,1.0,Doctor,,High,3.0,Cat_6,C
8273,1,0.0,37,1.0,Entertainment,3.0,Low,1.0,Cat_6,D
8274,0,0.0,81,0.0,Lawyer,1.0,Low,,Cat_3,C
8275,0,0.0,61,0.0,Engineer,1.0,High,3.0,Cat_4,C
8276,0,0.0,33,1.0,Artist,8.0,Average,3.0,Cat_6,D
8277,1,0.0,50,1.0,Executive,4.0,High,3.0,Cat_6,A
8278,0,1.0,33,1.0,,0.0,Low,4.0,,B
8279,0,0.0,51,0.0,Artist,9.0,High,2.0,Cat_4,D
8280,1,1.0,29,1.0,Healthcare,,Low,,Cat_6,B
8281,0,0.0,77,1.0,Lawyer,0.0,Low,1.0,Cat_6,C
8282,1,0.0,29,1.0,Healthcare,1.0,Low,2.0,Cat_6,C
8283,0,0.0,57,1.0,Artist,0.0,High,,Cat_1,A
8284,1,0.0,30,1.0,Entertainment,,Average,3.0,Cat_6,A
8285,1,0.0,74,1.0,Lawyer,1.0,Low,1.0,Cat_6,B
8286,0,1.0,38,0.0,Artist,4.0,Low,2.0,Cat_6,D
8287,1,0.0,49,0.0,Artist,1.0,High,2.0,Cat_6,D
8288,0,0.0,42,1.0,Artist,,Low,,Cat_4,C
8289,0,0.0,69,1.0,Lawyer,1.0,High,2.0,Cat_6,C
8290,0,1.0,32,1.0,Homemaker,10.0,Low,1.0,Cat_6,B
8291,1,0.0,57,1.0,Artist,0.0,Low,2.0,Cat_6,A
8292,1,0.0,52,1.0,Artist,1.0,Average,3.0,Cat_6,A
8293,0,1.0,28,1.0,Doctor,0.0,Low,5.0,Cat_7,B
8294,1,0.0,40,1.0,Artist,13.0,High,1.0,Cat_4,B
8295,1,1.0,23,0.0,Healthcare,1.0,Low,7.0,Cat_3,B
8296,0,0.0,62,1.0,Artist,3.0,Low,2.0,Cat_6,A
8297,0,,51,1.0,Artist,0.0,Low,4.0,Cat_2,A
8298,0,1.0,33,1.0,Doctor,0.0,Low,3.0,Cat_6,B
8299,0,1.0,19,0.0,Healthcare,3.0,Low,3.0,Cat_6,B
8300,0,0.0,46,1.0,Artist,1.0,Average,2.0,Cat_6,D
8301,1,0.0,57,1.0,Artist,0.0,Low,1.0,Cat_6,B
8302,1,1.0,22,0.0,Healthcare,0.0,Low,2.0,Cat_6,B
8303,1,1.0,29,1.0,Doctor,1.0,Low,4.0,Cat_6,C
8304,0,0.0,52,1.0,Artist,0.0,High,3.0,Cat_6,A
8305,0,0.0,53,1.0,Artist,1.0,Average,4.0,Cat_3,A
8306,0,1.0,31,1.0,Healthcare,9.0,Low,3.0,Cat_6,B
8307,0,1.0,35,1.0,Doctor,1.0,Low,1.0,Cat_3,C
8308,1,1.0,45,1.0,Entertainment,1.0,Low,2.0,Cat_6,D
8309,1,0.0,37,1.0,Artist,0.0,Average,3.0,Cat_3,C
8310,1,0.0,56,1.0,Healthcare,,High,3.0,Cat_6,C
8311,1,1.0,26,1.0,Healthcare,,Low,3.0,Cat_2,B
8312,1,0.0,49,1.0,Entertainment,0.0,Low,1.0,Cat_6,D
8313,0,1.0,30,1.0,Doctor,0.0,Low,3.0,Cat_6,D
8314,1,0.0,57,1.0,Executive,,Low,4.0,Cat_2,D
8315,0,1.0,43,1.0,Healthcare,9.0,Low,3.0,Cat_7,D
8316,0,1.0,20,0.0,Healthcare,0.0,Low,,Cat_6,B
8317,0,1.0,23,0.0,Lawyer,0.0,Low,6.0,Cat_3,C
8318,1,0.0,33,0.0,Doctor,0.0,Low,4.0,Cat_4,B
8319,0,0.0,61,1.0,Doctor,1.0,Average,2.0,Cat_6,C
8320,1,0.0,49,1.0,Executive,0.0,High,4.0,Cat_6,D
8321,1,0.0,52,1.0,Artist,2.0,High,1.0,Cat_4,B
8322,1,1.0,18,0.0,Marketing,1.0,Low,9.0,Cat_6,B
8323,0,0.0,36,0.0,Marketing,8.0,Low,2.0,Cat_6,D
8324,0,1.0,36,1.0,Artist,0.0,Low,2.0,Cat_6,C
8325,1,0.0,56,1.0,Artist,1.0,Average,1.0,Cat_6,A
8326,0,1.0,32,1.0,Doctor,1.0,Low,6.0,Cat_6,B
8327,1,0.0,88,0.0,Executive,0.0,Low,1.0,Cat_6,D
8328,1,0.0,57,0.0,Executive,1.0,Low,2.0,Cat_6,A
8329,1,0.0,32,0.0,Healthcare,0.0,Average,4.0,Cat_6,B
8330,1,0.0,57,1.0,Homemaker,5.0,High,2.0,Cat_6,D
8331,0,1.0,33,1.0,Healthcare,4.0,Low,8.0,Cat_5,B
8332,0,1.0,29,1.0,Healthcare,0.0,Low,3.0,Cat_6,D
8333,1,1.0,32,1.0,Healthcare,,Low,4.0,Cat_6,B
8334,0,1.0,43,1.0,Entertainment,0.0,Low,6.0,Cat_6,D
8335,0,0.0,45,1.0,Engineer,2.0,High,2.0,Cat_4,D
8336,1,0.0,61,1.0,Executive,,Low,6.0,Cat_3,C
8337,0,0.0,42,1.0,Doctor,0.0,Average,4.0,Cat_6,D
8338,0,1.0,21,0.0,Healthcare,0.0,Low,4.0,Cat_2,B
8339,1,0.0,37,1.0,Entertainment,8.0,Average,2.0,Cat_6,D
8340,0,0.0,37,1.0,Doctor,0.0,Low,2.0,Cat_6,D
8341,0,1.0,33,1.0,Doctor,1.0,Low,1.0,Cat_6,C
8342,1,1.0,26,1.0,Healthcare,1.0,Low,1.0,Cat_6,C
8343,1,0.0,41,0.0,Entertainment,12.0,Average,3.0,Cat_4,D
8344,1,0.0,65,0.0,Entertainment,1.0,High,2.0,Cat_6,C
8345,0,0.0,55,0.0,Engineer,1.0,Average,7.0,Cat_6,D
8346,1,1.0,30,0.0,Healthcare,1.0,Low,4.0,Cat_2,B
8347,0,0.0,82,0.0,Lawyer,0.0,High,2.0,Cat_6,C
8348,1,1.0,29,1.0,Artist,3.0,Low,1.0,Cat_6,C
8349,1,0.0,29,0.0,Healthcare,13.0,High,2.0,Cat_6,C
8350,1,0.0,39,1.0,Artist,1.0,Average,2.0,Cat_1,D
8351,1,0.0,46,1.0,Artist,0.0,Average,3.0,Cat_6,A
8352,0,0.0,42,1.0,Artist,1.0,Average,2.0,Cat_6,B
8353,1,0.0,47,1.0,Artist,13.0,Low,1.0,Cat_6,A
8354,0,1.0,29,1.0,Doctor,0.0,Low,5.0,Cat_6,D
8355,1,0.0,46,1.0,Doctor,1.0,Average,4.0,Cat_6,C
8356,1,1.0,26,0.0,Entertainment,1.0,Low,3.0,Cat_3,B
8357,1,1.0,25,1.0,Entertainment,0.0,Low,2.0,Cat_6,D
8358,1,0.0,46,1.0,Artist,,Average,5.0,Cat_6,A
8359,0,0.0,47,1.0,Engineer,9.0,Average,4.0,Cat_2,A
8360,1,1.0,21,0.0,Healthcare,0.0,Low,2.0,Cat_6,C
8361,1,1.0,30,1.0,Entertainment,0.0,Low,3.0,Cat_6,B
8362,1,1.0,20,,Healthcare,4.0,Low,5.0,Cat_2,B
8363,0,0.0,40,1.0,Engineer,0.0,Average,2.0,Cat_6,C
8364,0,0.0,52,1.0,Artist,1.0,Average,3.0,Cat_6,A
8365,0,1.0,25,0.0,Marketing,1.0,Low,4.0,Cat_4,C
8366,0,0.0,81,0.0,Lawyer,,High,2.0,Cat_6,B
8367,0,0.0,48,1.0,Doctor,8.0,Average,3.0,Cat_2,C
8368,1,0.0,36,1.0,Artist,9.0,Average,2.0,Cat_6,C
8369,1,0.0,36,1.0,Artist,0.0,Average,4.0,Cat_6,C
8370,1,0.0,66,1.0,Entertainment,0.0,Average,2.0,Cat_6,C
8371,1,0.0,50,1.0,Artist,0.0,Low,1.0,Cat_6,D
8372,1,,55,1.0,Engineer,0.0,Average,2.0,Cat_4,C
8373,1,0.0,62,1.0,Entertainment,0.0,Average,6.0,Cat_6,A
8374,0,1.0,43,1.0,Healthcare,8.0,Low,1.0,,B
8375,0,0.0,41,1.0,Artist,7.0,Low,2.0,Cat_6,D
8376,0,0.0,51,1.0,Homemaker,9.0,Low,,Cat_3,C
8377,0,0.0,75,1.0,Lawyer,0.0,High,2.0,Cat_6,C
8378,0,1.0,32,0.0,Healthcare,0.0,Low,5.0,Cat_7,A
8379,1,0.0,48,1.0,Doctor,5.0,Average,3.0,Cat_5,C
8380,0,0.0,43,1.0,Artist,8.0,Average,2.0,Cat_6,B
8381,1,0.0,37,1.0,Entertainment,1.0,Average,4.0,Cat_6,C
8382,0,0.0,57,1.0,Artist,0.0,Average,2.0,Cat_6,C
8383,1,1.0,29,1.0,Healthcare,,Low,3.0,Cat_6,C
8384,0,0.0,43,1.0,Entertainment,8.0,Low,1.0,Cat_6,C
8385,0,1.0,41,0.0,Marketing,0.0,Low,2.0,Cat_6,C
8386,1,1.0,21,0.0,Healthcare,0.0,Low,3.0,Cat_2,B
8387,0,1.0,39,1.0,Artist,12.0,Low,1.0,Cat_6,A
8388,1,0.0,35,0.0,Engineer,,Average,7.0,Cat_4,D
8389,0,1.0,22,0.0,Healthcare,5.0,Low,3.0,Cat_2,B
8390,0,,22,0.0,Healthcare,0.0,Low,6.0,Cat_2,B
8391,1,1.0,29,1.0,Healthcare,1.0,Low,2.0,Cat_6,B
8392,0,0.0,29,0.0,Artist,0.0,Average,2.0,Cat_3,D
8393,0,1.0,49,1.0,Doctor,0.0,Low,1.0,Cat_6,D
8394,0,0.0,62,1.0,Lawyer,1.0,Low,3.0,Cat_6,D
8395,0,0.0,63,0.0,Engineer,4.0,Average,8.0,Cat_4,B
8396,1,0.0,85,0.0,Lawyer,0.0,Low,1.0,Cat_4,B
8397,0,1.0,59,1.0,Doctor,0.0,Low,4.0,Cat_6,C
8398,0,1.0,30,1.0,Healthcare,0.0,Low,4.0,Cat_6,B
8399,1,0.0,53,1.0,Doctor,4.0,Average,2.0,Cat_6,A
8400,0,0.0,49,1.0,Artist,,Average,4.0,Cat_2,A
8401,0,1.0,33,1.0,Doctor,1.0,Low,3.0,Cat_6,D
8402,1,1.0,21,0.0,Doctor,0.0,Low,,Cat_6,B
8403,1,1.0,62,1.0,Artist,0.0,Low,,Cat_6,D
8404,1,0.0,52,1.0,Artist,2.0,Low,3.0,Cat_3,D
8405,0,1.0,21,0.0,Healthcare,0.0,Low,4.0,Cat_3,A
8406,1,1.0,25,0.0,Marketing,0.0,Low,3.0,Cat_3,D
8407,0,1.0,33,1.0,Healthcare,7.0,Low,2.0,Cat_6,B
8408,0,1.0,51,1.0,Artist,1.0,Low,1.0,Cat_4,C
8409,0,1.0,27,0.0,Healthcare,1.0,Low,5.0,Cat_2,C
8410,1,0.0,39,1.0,Artist,,Average,4.0,Cat_4,C
8411,0,0.0,43,1.0,Artist,3.0,Average,4.0,Cat_6,A
8412,0,1.0,31,1.0,Artist,9.0,Low,1.0,Cat_6,C
8413,1,0.0,55,1.0,Entertainment,0.0,Average,4.0,Cat_6,A
8414,0,0.0,43,0.0,Entertainment,5.0,Low,1.0,Cat_3,B
8415,0,1.0,40,1.0,Artist,6.0,Low,1.0,Cat_6,A
8416,0,1.0,21,0.0,Healthcare,0.0,Low,2.0,Cat_4,B
8417,0,1.0,35,1.0,Doctor,1.0,Low,1.0,Cat_6,D
8418,0,0.0,28,1.0,Executive,8.0,High,2.0,Cat_6,A
8419,0,0.0,28,1.0,Artist,8.0,Low,2.0,Cat_6,D
8420,0,0.0,87,1.0,Lawyer,0.0,Low,2.0,Cat_6,C
8421,1,1.0,26,0.0,Engineer,0.0,Low,4.0,Cat_3,B
8422,1,0.0,48,0.0,Engineer,1.0,Average,3.0,Cat_6,C
8423,1,0.0,28,1.0,Artist,1.0,Low,2.0,Cat_6,C
8424,0,0.0,46,0.0,Engineer,0.0,Average,5.0,Cat_3,D
8425,1,0.0,62,1.0,Doctor,1.0,High,2.0,Cat_6,A
8426,0,0.0,87,0.0,Artist,0.0,Low,1.0,Cat_6,D
8427,1,0.0,69,0.0,Executive,2.0,High,1.0,Cat_6,B
8428,1,1.0,23,0.0,Healthcare,1.0,Low,3.0,Cat_2,B
8429,0,1.0,27,0.0,Healthcare,1.0,Low,5.0,Cat_4,D
8430,1,0.0,51,1.0,Engineer,0.0,Low,2.0,Cat_4,D
8431,0,0.0,59,1.0,Doctor,5.0,Low,2.0,Cat_6,D
8432,0,1.0,22,0.0,Marketing,0.0,Low,1.0,Cat_5,C
8433,0,,61,1.0,Engineer,9.0,Average,3.0,Cat_6,C
8434,0,0.0,89,1.0,Lawyer,1.0,High,2.0,Cat_6,D
8435,1,0.0,55,0.0,Entertainment,1.0,Low,3.0,Cat_4,D
8436,0,0.0,28,0.0,Doctor,9.0,Low,1.0,Cat_7,D
8437,1,0.0,50,1.0,Executive,4.0,Average,4.0,Cat_2,C
8438,1,1.0,22,0.0,Healthcare,0.0,Low,6.0,Cat_4,B
8439,0,0.0,35,0.0,Artist,11.0,Low,2.0,Cat_4,D
8440,1,0.0,25,1.0,Entertainment,1.0,High,2.0,Cat_3,B
8441,0,0.0,36,1.0,Artist,1.0,Average,2.0,Cat_6,A
8442,1,1.0,29,1.0,Entertainment,0.0,Low,5.0,Cat_4,A
8443,0,0.0,58,1.0,Engineer,,High,4.0,Cat_6,C
8444,0,1.0,27,0.0,Homemaker,8.0,Low,,Cat_4,B
8445,0,1.0,38,0.0,Homemaker,5.0,Low,1.0,Cat_2,C
8446,1,0.0,38,1.0,Entertainment,9.0,Average,3.0,Cat_6,C
8447,0,1.0,22,0.0,Doctor,1.0,Low,3.0,Cat_3,D
8448,1,0.0,46,0.0,Engineer,0.0,Average,3.0,Cat_6,C
8449,0,1.0,38,1.0,Artist,6.0,Low,4.0,Cat_4,D
8450,1,0.0,25,1.0,Artist,8.0,Average,2.0,Cat_6,C
8451,1,0.0,57,0.0,Entertainment,,Low,2.0,Cat_3,C
8452,1,0.0,73,1.0,Artist,5.0,High,3.0,Cat_6,A
8453,1,0.0,58,1.0,Artist,0.0,Average,2.0,Cat_6,A
8454,0,0.0,71,1.0,Lawyer,0.0,Low,2.0,Cat_6,A
8455,1,0.0,28,0.0,Doctor,0.0,Average,2.0,Cat_6,D
8456,1,1.0,35,1.0,Artist,5.0,Low,2.0,Cat_6,D
8457,0,0.0,46,0.0,Engineer,9.0,Average,1.0,Cat_4,D
8458,1,0.0,41,1.0,Artist,8.0,High,2.0,Cat_2,D
8459,1,0.0,27,1.0,Doctor,9.0,Average,3.0,Cat_6,B
8460,0,1.0,31,1.0,Doctor,1.0,Low,3.0,Cat_6,C
8461,0,0.0,60,1.0,Artist,8.0,High,2.0,Cat_6,A
8462,0,1.0,85,1.0,Homemaker,4.0,Low,1.0,Cat_6,B
8463,0,0.0,40,1.0,Artist,8.0,Average,2.0,Cat_6,D
8464,0,0.0,52,0.0,Engineer,9.0,Low,,Cat_6,C
8465,0,1.0,35,1.0,Entertainment,7.0,Low,2.0,Cat_6,D
8466,0,0.0,36,1.0,Engineer,3.0,Low,1.0,Cat_6,C
8467,1,1.0,18,0.0,Healthcare,0.0,Low,,Cat_6,B
8468,0,0.0,84,1.0,Artist,1.0,High,2.0,Cat_6,D
8469,0,1.0,31,1.0,Engineer,0.0,Low,6.0,Cat_4,D
8470,1,1.0,18,0.0,Doctor,4.0,Low,2.0,Cat_6,D
8471,1,0.0,53,1.0,Entertainment,1.0,Average,2.0,Cat_6,C
8472,1,0.0,72,0.0,Lawyer,0.0,High,2.0,Cat_6,C
8473,0,0.0,60,1.0,Doctor,0.0,Average,2.0,Cat_6,B
8474,1,0.0,62,1.0,Entertainment,9.0,Low,1.0,Cat_6,A
8475,1,0.0,83,0.0,Executive,0.0,Low,7.0,Cat_6,B
8476,0,1.0,27,1.0,Engineer,11.0,Low,1.0,Cat_6,C
8477,0,0.0,51,1.0,Doctor,0.0,Average,6.0,Cat_4,A
8478,0,0.0,51,0.0,Executive,,Low,1.0,Cat_6,D
8479,1,0.0,49,1.0,Doctor,1.0,Average,4.0,Cat_6,A
8480,1,0.0,72,1.0,Executive,0.0,High,4.0,Cat_6,A
8481,0,1.0,35,1.0,Artist,8.0,Low,,Cat_6,D
8482,1,0.0,38,1.0,Artist,5.0,Low,7.0,Cat_6,D
8483,0,1.0,43,1.0,Artist,2.0,Low,1.0,,D
8484,1,0.0,58,1.0,Entertainment,0.0,Low,,Cat_6,C
8485,1,0.0,51,1.0,Artist,1.0,Low,2.0,Cat_6,C
8486,0,1.0,52,1.0,Artist,6.0,Low,1.0,Cat_6,D
8487,0,1.0,29,1.0,Entertainment,1.0,Low,5.0,Cat_6,D
8488,1,1.0,49,1.0,Artist,0.0,Low,1.0,Cat_6,C
8489,0,1.0,32,1.0,Doctor,0.0,Low,1.0,Cat_6,C
8490,0,1.0,27,0.0,Homemaker,,Low,1.0,Cat_6,A
8491,0,0.0,46,1.0,Artist,0.0,Average,4.0,Cat_3,C
8492,0,1.0,21,0.0,Entertainment,1.0,Low,4.0,Cat_6,A
8493,0,1.0,27,1.0,Healthcare,1.0,Low,2.0,Cat_6,B
8494,1,0.0,33,0.0,Executive,0.0,Low,2.0,Cat_4,B
8495,0,0.0,42,1.0,Artist,2.0,Average,2.0,Cat_6,C
8496,1,1.0,41,1.0,Entertainment,7.0,Low,2.0,Cat_1,B
8497,1,1.0,32,0.0,Homemaker,8.0,Low,,Cat_4,D
8498,0,1.0,39,1.0,Artist,7.0,Low,1.0,Cat_6,D
8499,0,1.0,28,0.0,Entertainment,0.0,Low,1.0,Cat_3,B
8500,1,1.0,22,0.0,Healthcare,1.0,Low,5.0,Cat_6,B
8501,0,1.0,29,1.0,Artist,3.0,Low,4.0,Cat_2,D
8502,0,0.0,45,1.0,Artist,4.0,High,4.0,Cat_6,A
8503,0,0.0,47,1.0,Marketing,,Average,3.0,Cat_6,D
8504,1,1.0,45,1.0,Entertainment,1.0,Low,1.0,Cat_7,D
8505,1,1.0,21,0.0,Healthcare,1.0,Low,4.0,Cat_2,B
8506,1,0.0,68,0.0,Artist,0.0,Low,2.0,Cat_6,D
8507,0,1.0,39,1.0,Artist,3.0,Low,1.0,Cat_6,D
8508,0,1.0,21,0.0,Healthcare,0.0,Low,5.0,Cat_6,B
8509,0,0.0,40,1.0,Artist,2.0,Average,2.0,Cat_6,A
8510,0,0.0,47,1.0,Artist,7.0,Average,4.0,Cat_6,A
8511,1,0.0,42,1.0,Artist,6.0,Average,2.0,Cat_3,C
8512,1,1.0,20,0.0,Healthcare,,Low,5.0,Cat_2,C
8513,1,0.0,72,0.0,Executive,1.0,High,4.0,Cat_6,C
8514,1,1.0,25,0.0,Healthcare,1.0,Low,3.0,Cat_6,A
8515,0,,72,0.0,Lawyer,8.0,Average,2.0,Cat_6,B
8516,1,1.0,22,0.0,Healthcare,,Low,3.0,Cat_7,B
8517,1,0.0,36,1.0,Executive,9.0,High,3.0,Cat_6,A
8518,0,,38,1.0,Executive,0.0,High,1.0,Cat_3,B
8519,0,1.0,48,0.0,Entertainment,,Low,1.0,Cat_6,C
8520,1,0.0,39,1.0,Artist,0.0,Average,3.0,Cat_6,C
8521,1,1.0,20,0.0,Healthcare,0.0,Low,3.0,Cat_2,B
8522,1,0.0,39,1.0,Artist,,Average,4.0,Cat_3,C
8523,1,0.0,26,1.0,Executive,0.0,Low,3.0,Cat_6,B
8524,0,1.0,33,1.0,Healthcare,1.0,Low,1.0,Cat_6,B
8525,0,1.0,36,1.0,Engineer,4.0,Low,1.0,Cat_7,D
8526,1,1.0,20,0.0,Healthcare,,Low,,Cat_6,B
8527,0,0.0,50,1.0,Executive,1.0,High,4.0,Cat_6,A
8528,1,0.0,68,1.0,Artist,0.0,High,,Cat_6,D
8529,0,1.0,21,0.0,Lawyer,9.0,Low,1.0,Cat_6,B
8530,1,0.0,42,1.0,Artist,2.0,Average,2.0,Cat_6,A
8531,0,0.0,78,1.0,Lawyer,,High,2.0,Cat_6,D
8532,0,1.0,26,0.0,Artist,2.0,Low,2.0,Cat_6,B
8533,0,0.0,53,1.0,Artist,,High,6.0,Cat_3,A
8534,0,0.0,50,1.0,Artist,1.0,Low,3.0,Cat_4,A
8535,1,1.0,41,1.0,Entertainment,0.0,Low,1.0,Cat_4,B
8536,1,0.0,46,0.0,Artist,0.0,Average,3.0,Cat_6,D
8537,1,0.0,48,1.0,Engineer,1.0,Average,5.0,Cat_6,A
8538,1,0.0,61,1.0,Entertainment,4.0,Average,2.0,Cat_5,C
8539,1,0.0,45,1.0,Doctor,8.0,Average,3.0,Cat_4,C
8540,0,0.0,81,0.0,Lawyer,0.0,High,2.0,Cat_6,D
8541,0,0.0,71,1.0,Lawyer,0.0,High,2.0,Cat_6,A
8542,0,0.0,55,1.0,Artist,1.0,Average,4.0,Cat_6,A
8543,0,0.0,57,1.0,Artist,1.0,Average,3.0,,A
8544,0,0.0,52,1.0,Artist,0.0,High,3.0,Cat_6,C
8545,1,0.0,36,0.0,Executive,0.0,Average,5.0,Cat_4,D
8546,1,1.0,33,0.0,Marketing,2.0,Low,3.0,Cat_6,B
8547,1,0.0,40,1.0,Entertainment,1.0,Average,2.0,,D
8548,1,1.0,33,0.0,Healthcare,9.0,Low,3.0,Cat_7,A
8549,0,1.0,35,1.0,Marketing,0.0,Low,1.0,Cat_7,B
8550,0,1.0,36,1.0,Artist,11.0,Low,,Cat_6,D
8551,0,0.0,38,1.0,Marketing,9.0,Low,3.0,Cat_6,B
8552,1,0.0,47,0.0,Entertainment,0.0,Low,2.0,Cat_6,C
8553,0,1.0,22,0.0,Healthcare,0.0,Low,5.0,Cat_6,B
8554,1,0.0,69,1.0,Entertainment,1.0,High,3.0,Cat_6,C
8555,0,1.0,35,0.0,Entertainment,0.0,Low,1.0,Cat_6,D
